Year,Unemployment Rate: Monthly: Thailand,Producer Price Index: YoY: Monthly: Thailand,Consumer Price Index: YoY: Monthly: Thailand,"GDP,Total",Consumer Price Index,CPI: TC: Communication and Equipments,MoC: Exports: Custom Basis: USD,MoC: Imports: Custom Basis,MoC: Imports: Custom Basis: USD,MoC: Trade Balance: Custom Basis: USD,Imports: USD: Fuel Lubricants,Imports: USD: Capital Goods,Imports: USD: Raw Materials and Intermediate Products,Imports: USD: Consumer Goods,Foreign Reserve: Foreign Exchange,Core Consumer Price Index: Exclude House Rent,M2: YoY: Monthly: Thailand,Consumer Confidence: Net Balance: Monthly: Thailand,inflaton rate total 
1/1/2001,0.057,3.55329949,1.47492625,"$10,398.07 ",68.8,110.1,5187.208244,239477.6114,5544.746733,-357.5384892,621.6701,1806.301,2539.9028,404.2865,32086.5,78.4,5.11756342,-18.4,0.02
2/1/2001,0.043,2.67558528,1.46842878,"$10,515.85 ",69.1,110.1,5261.082181,224990.7419,5199.693596,61.38858435,510.6658,1723.8943,2382.3286,362.3071,32483.7,78.4,4.96558862,-19.3,0.06
3/1/2001,0.04,1.99335548,1.46842878,"$10,199.69 ",69.1,110.1,6066.978473,244809.648,5745.356677,321.6217956,789.4862,1692.8309,2624.9168,416.79,31646.8,78.5,5.78795027,-20.2,0
4/1/2001,0.041,4.52261307,2.50368189,"$9,641.65 ",69.6,110.1,4893.858299,219367.7736,4882.434312,11.42398685,528.2827,1537.8849,2236.1971,375.8245,31416,78.9,6.2268122,-21.3,0.07
5/1/2001,0.042,4.15282392,2.64705882,"$9,635.15 ",69.8,110.1,5751.44942,241975.8922,5309.982274,441.4671463,720.7094,1642.6546,2373.8714,411.032,31349.1,79.1,6.37171049,-22.8,0.04
6/1/2001,0.024,3.9800995,2.20264317,"$9,690.75 ",69.6,110.1,5559.21917,221772.6221,4855.980339,703.2388308,610.4828,1464.9484,2202.9653,399.7987,30939.3,79.1,5.99696226,-21.4,-0.03
7/1/2001,0.024,3.63636364,2.05278592,"$9,586.43 ",69.6,110.1,5320.197454,247691.9728,5441.387803,-121.1903488,607.393,1818.8709,2412.1916,401.0255,31209.7,79.1,5.72183234,-22.6,0
8/1/2001,0.021,2.61865794,1.31004367,"$9,743.12 ",69.6,110.1,5742.204011,234166.8223,5100.562456,641.641555,569.9125,1657.8723,2272.7259,410.8905,31885.3,79.1,5.48181992,-23.6,-0.01
9/1/2001,0.034,1.62074554,1.45348837,"$9,869.78 ",69.8,110.1,5490.829422,227097.4823,5044.368777,446.4606457,951.6159,1345.7448,2094.6254,415.0198,31898.8,79.1,5.68263429,-36.8,0.03
10/1/2001,0.032,0.48543689,1.31195335,"$10,208.53 ",69.5,110.1,5435.975759,224512.1217,5061.138902,374.8368574,501.9123,1644.9396,2263.7641,430.708,32355.8,79.1,4.85196136,-32.9,-0.05
11/1/2001,0.024,0.32414911,0.87336245,"$10,286.57 ",69.3,110.1,5441.041865,227363.795,5070.557427,370.484438,592.5508,1668.1128,2197.9624,409.3147,32584.1,79.2,5.87884093,-30.4,-0.02
12/1/2001,0.018,0.81833061,0.58224163,"$10,393.99 ",69.1,110.1,5033.182796,195735.1447,4396.566593,636.6162031,359.944,1427.3464,1990.6147,363.8396,32357.2,79.2,5.77196313,-27,-0.03
1/1/2002,0.042,0.81699346,0.72674419,"$10,826.59 ",69.3,110.1,4856.813051,219817.2784,5000.393048,-143.5799966,572.1187,1574.4471,2282.8021,398.2154,33097,79.2,3.81990906,-27.3,0.02
2/1/2002,0.028,1.14006515,0.4341534,"$10,871.64 ",69.4,110.1,4863.350972,192925.1125,4358.904485,504.4464863,449.6387,1367.8493,2013.5998,341.8582,33230.3,79.2,4.48258725,-23.9,0.01
3/1/2002,0.027,1.79153094,0.5788712,"$10,981.45 ",69.5,110.1,5688.307877,230541.6025,5269.522342,418.7855346,561.1011,1610.4819,2469.2502,404.7091,32861,79.2,4.0818402,-21.2,0.03
4/1/2002,0.037,0.96153846,0.43103448,"$10,809.36 ",69.9,110.1,4911.823621,224733.7686,5162.733026,-250.9094044,555.0789,1626.6611,2347.4228,422.1824,33669.8,79.2,4.23380985,-20.2,0.05
5/1/2002,0.03,0.79744817,0.28653295,"$10,967.35 ",70,110.1,5935.491678,229237.6713,5279.541026,655.9506525,647.1648,1559.1143,2448.2334,429.4188,34449.7,79.3,4.26720524,-16.9,0.01
6/1/2002,0.019,0.9569378,0.28735632,"$11,138.13 ",69.8,110,5834.078103,228371.6621,5313.440255,520.6378477,749.8212,1505.1053,2401.6476,415.5435,35993,79.3,4.33061176,-13.5,-0.02
7/1/2002,0.017,0.31897927,0.28735632,"$11,464.88 ",69.8,110,5570.722123,243941.4813,5753.336823,-182.6146994,639.1329,1752.275,2683.5237,436.6241,37022.1,79.3,4.35266123,-12.3,-0.01
8/1/2002,0.018,0.4784689,0.28735632,"$11,210.60 ",69.8,109.9,6151.080873,244223.8905,5911.979921,239.1009527,712.4859,1710.8284,2740.8599,461.7174,37716.3,79.3,5.23170292,-10,0.01
9/1/2002,0.02,1.75438596,0.42979943,"$11,027.49 ",70.1,109.9,6284.884099,232428.3193,5476.633349,808.2507501,657.0585,1632.361,2434.7613,435.9777,36840.7,79.4,0.76335403,-11.8,0.04
10/1/2002,0.026,3.54267311,1.29496403,"$11,545.28 ",70.4,109.9,6314.999387,251512.8393,5799.235399,515.7639884,514.5639,1763.7164,2748.692,487.4029,36358.4,79.4,0.78872103,-13.8,0.06
11/1/2002,0.015,3.23101777,1.2987013,"$11,621.96 ",70.2,109.9,6200.425987,256364.9505,5842.409993,358.0159935,876.3708,1656.1004,2577.2558,456.9778,36872.7,79.5,1.06715236,-11.3,-0.05
12/1/2002,0.014,4.05844156,1.5918958,"$11,631.21 ",70.2,109.8,5544.33389,220793.5625,5072.216001,472.1178886,500.1071,1524.2406,2378.6208,451.1615,38050.5,79.6,1.305895,-8.1,0.01
1/1/2003,0.034,5.02431118,2.16450216,"$12,264.04 ",70.8,109.8,6112.418214,255415.6683,5915.138219,197.2799946,792.1369,1762.7479,2611.2952,483.3162,38852,79.6,3.40353824,-8,0.09
2/1/2003,0.023,5.63607085,1.87319885,"$12,228.79 ",70.7,109.8,6064.278303,231618.0907,5401.541294,662.7370086,669.8409,1593.1167,2403.9326,400.9062,37881.2,79.6,2.95846932,-6.5,-0.02
3/1/2003,0.029,5.12,1.72661871,"$12,261.29 ",70.7,109.8,6612.115452,263417.2926,6108.935358,503.1800942,827.2965,1681.9825,2757.0341,476.7743,36791.7,79.6,3.11158941,-8.6,0.01
4/1/2003,0.027,4.6031746,1.57367668,"$11,840.91 ",71,109.8,5963.490764,249215.852,5788.986108,174.5046558,516.323,1719.6159,2737.5322,501.4336,37106.7,79.6,2.29628321,-11.3,0.04
5/1/2003,0.027,3.79746835,1.85714286,"$12,040.47 ",71.3,109.8,6748.714821,256648.9605,5989.473992,759.2408291,650.4018,1798.8369,2790.0857,476.2945,37954.7,79.7,3.1864849,-8.3,0.04
6/1/2003,0.021,3.63349131,1.71919771,"$12,197.03 ",71,109.8,6587.948391,245204.6479,5818.809869,769.1385222,532.414,1726.6476,2761.751,468.9715,38454,79.7,2.99901842,-4.1,-0.04
7/1/2003,0.014,3.81558029,1.71919771,"$12,423.37 ",71,109.8,6491.746317,269891.4012,6476.875477,14.87083973,675.2308,1929.8618,3042.4159,493.3345,36653,79.7,2.92398367,0,0
8/1/2003,0.015,4.6031746,2.29226361,"$12,468.49 ",71.4,109.8,6485.547531,263421.8726,6286.918201,198.6293295,1063.8788,1695.9046,2719.3694,460.9514,37376,79.7,2.02222404,-2,0.05
9/1/2003,0.018,3.29153605,1.71184023,"$12,829.92 ",71.3,109.3,7100.211265,264409.7193,6340.760655,759.4506106,680.006,1866.5509,2911.9666,507.5529,39278.3,79.7,6.16564483,3.2,-0.01
10/1/2003,0.025,2.33281493,1.42045455,"$13,920.56 ",71.4,108.4,7415.547189,282434.7873,6984.045185,431.5020039,908.0571,2124.2991,3084.3406,534.6496,39214.3,79.8,6.02871474,7.2,0.01
11/1/2003,0.015,3.28638498,1.85185185,"$13,859.73 ",71.5,108.4,7212.157008,264089.4487,6597.288252,614.868756,711.3709,2198.1112,2821.4,549.9622,40122,79.9,6.60120183,10.2,0.01
12/1/2003,0.015,2.96411856,1.85185185,"$13,925.99 ",71.5,108.4,7245.809448,293008.1279,7325.203197,-79.39374941,909.4371,2407.5978,3048.0547,563.362,40965.1,80,6.24203137,12.4,0.01
1/1/2004,0.037,2.77777778,1.41242938,"$14,424.83 ",71.8,108.4,7103.578898,275498.1954,6932.516239,171.0626584,865.4066,2019.232,3203.4442,550.5823,41054.32,80,6.59955166,9.5,0.03
2/1/2004,0.024,1.98170732,2.26308345,"$14,427.90 ",72.3,108.4,7341.355422,263820.4437,6742.152918,599.2025046,842.788,1962.6024,3033.5195,514.2809,41759.02,80.2,6.65838451,7.4,0.07
3/1/2004,0.024,2.58751903,2.54596888,"$14,298.57 ",72.5,108.1,7947.478892,322489.6311,8239.387612,-291.9087201,1030.6843,2336.1673,3799.6962,641.5034,41798.19,80.2,6.69237351,5.6,0.02
4/1/2004,0.028,4.09711684,2.53521127,"$14,221.46 ",72.8,108.1,7245.769601,297990.9056,7532.631588,-286.8619878,887.2576,2230.2067,3486.6039,566.8295,41516.38,80.2,8.25277738,4,0.06
5/1/2004,0.026,6.40243902,2.52454418,"$13,833.21 ",73.1,108.1,7966.288559,311370.4058,7872.829476,93.45908308,1177.6649,2090.737,3638.1326,588.1891,41652.67,80.4,7.45248111,2.5,0.04
6/1/2004,0.021,6.55487805,3.23943662,"$13,742.81 ",73.3,108.1,8291.481634,331687.8843,8117.667262,173.814372,1210.672,2216.7015,3666.4667,608.4118,42111.37,80.5,6.60986259,0.6,0.02
7/1/2004,0.014,7.50382848,3.38028169,"$13,998.28 ",73.4,108.1,8063.735538,327615.8637,7982.842683,80.89285568,942.9522,2278.2501,3715.2592,577.2088,42268.94,80.5,7.69479182,-1.7,0.01
8/1/2004,0.015,8.04248862,3.08123249,"$13,816.59 ",73.6,108.1,8150.44696,342273.3438,8356.282806,-205.835846,1503.7951,2156.722,3704.8434,619.013,42636.68,80.3,7.20895149,-4.6,0.05
9/1/2004,0.018,9.25644917,3.50631136,"$13,832.25 ",73.8,108.1,8513.248966,333250.3357,8018.535509,494.7134575,995.7274,2335.8435,3671.7741,602.6417,43510.09,80.4,7.34946202,-5.5,0.04
10/1/2004,0.016,11.09422492,3.36134454,"$14,989.87 ",73.8,108.1,8831.265568,340174.9242,8212.818064,618.4475032,1072.4292,2302.3491,3796.7915,636.2711,44928.89,80.5,7.361371,-7.1,0
11/1/2004,0.015,10.15151515,2.93706294,"$15,366.35 ",73.6,108.1,8591.210189,353770.7924,8528.707628,62.50256182,1144.9802,2522.5423,3802.7203,655.5259,46920.64,80.5,6.33318616,-5.4,-0.04
12/1/2004,0.015,10,2.93706294,"$15,797.07 ",73.6,108.1,8456.96019,301123.8258,7498.103233,958.8569574,1475.6754,1995.5862,3145.9944,556.0717,48497.5,80.6,5.78888857,-7.2,0
1/1/2005,0.033,8.55855856,2.50696379,"$16,056.54 ",73.6,108.1,7855.003107,360942.3493,9205.364685,-1350.361578,1500.9053,2563.1864,4101.3107,637.5527,47622.05,80.8,5.56234519,-5.4,0.01
2/1/2005,0.023,9.1180867,2.35131397,"$16,178.95 ",74,108.1,7770.20781,318003.0029,8234.153363,-463.945553,1025.591,2366.3167,3788.3138,620.4954,48364.44,80.8,5.71926268,-7.1,0.06
3/1/2005,0.021,11.12759644,3.17241379,"$16,117.03 ",74.8,108.1,9607.382082,410604.2166,10634.65985,-1027.277764,1804.2227,2943.6133,4555.947,724.7214,47373.03,81,4.80619854,-10.5,0.08
4/1/2005,0.022,11.0787172,3.43406593,"$15,424.62 ",75.3,106.3,8260.670205,376514.8895,9724.041568,-1463.371363,1361.341,2779.6774,4404.0396,675.4608,47906.48,81.1,3.59332465,-11.3,0.08
5/1/2005,0.02,8.45272206,3.69357045,"$15,316.46 ",75.8,106.3,9150.097736,427492.7401,10795.27122,-1645.173479,2344.2879,2954.3183,4490.7414,633.5158,46902.03,81.7,3.59718735,-12.1,0.06
6/1/2005,0.019,8.86981402,3.6834925,"$14,898.59 ",76,106.3,9284.932066,442125.9493,11047.62492,-1762.692855,2388.2168,2980.3418,4472.7697,715.5223,47007.64,81.8,4.17478203,-14.3,0.03
7/1/2005,0.014,9.54415954,5.17711172,"$15,210.40 ",77.2,106.3,9555.070922,395482.9343,9601.399802,-46.32887981,1787.0198,2666.5701,4086.9829,652.6735,47086.87,82.5,3.78230113,-15.3,0.16
8/1/2005,0.014,8.84831461,5.57065217,"$15,420.37 ",77.7,106.3,10189.15776,426870.9744,10166.01511,23.1426534,1670.0438,3018.4891,4294.8258,740.2702,48042.46,82.6,4.4306475,-15.4,0.07
9/1/2005,0.013,9.72222222,5.96205962,"$15,454.64 ",78.2,104.9,10448.62868,398818.9965,9670.683719,777.9449573,1872.017,2737.4626,3915.511,676.1394,48349.69,82.6,4.87268872,-14.6,0.07
10/1/2005,0.018,8.89192886,6.36856369,"$16,438.42 ",78.5,104.9,9573.890718,401493.4254,9756.826862,-182.9361441,1831.4749,2843.7608,3908.2398,693.6511,48349.11,82.8,4.51404142,-13.2,0.03
11/1/2005,0.012,7.70288858,5.8423913,"$16,357.63 ",77.9,104.9,9833.880408,401104.213,9785.416273,48.46413491,1704.0049,2891.5404,4007.8585,747.2625,49232.04,82.9,5.289308,-12.1,-0.07
12/1/2005,0.014,7.98898072,5.70652174,"$16,366.11 ",77.8,101.6,9408.736917,394570.9089,9553.775033,-145.0381164,1629.8139,2909.7282,3813.9298,712.6596,50501.94,83.1,6.0971795,-11.3,-0.01
1/1/2006,0.022,9.54356846,5.97826087,"$17,835.75 ",78,101.6,8905.806983,385349.0715,9389.597258,-483.7902748,1715.9174,2835.4299,3782.4299,696.8916,51514.26,83.2,7.46104263,-12.9,0.02
2/1/2006,0.016,9.04109589,5.54054054,"$17,915.22 ",78.1,101.6,9484.297894,386674.2308,9801.628157,-317.3302636,1893.4046,2882.3029,3914.1836,699.2133,52726.29,83.5,7.12281993,-14.9,0.03
3/1/2006,0.018,7.47663551,5.61497326,"$18,097.47 ",79,101.6,11065.93215,425055.7326,10774.54329,291.3888662,1938.7393,3154.1921,4340.2592,839.6136,53518.91,83.6,8.55861382,-16.3,0.1
4/1/2006,0.021,8.66141732,6.10889774,"$17,974.97 ",79.9,101.6,9173.474727,380424.2888,9754.468944,-580.9942178,2103.1133,2724.8893,3768.5686,736.5222,55347.83,83.8,9.34305983,-17.5,0.12
5/1/2006,0.014,11.62483487,6.2005277,"$17,977.43 ",80.5,101.5,10795.88107,435884.4241,11479.70567,-683.8245914,2401.9449,3023.8615,4851.2665,797.7222,55791.95,84.4,10.05829197,-18.5,0.07
6/1/2006,0.015,10.77529566,5.92105263,"$17,789.07 ",80.5,101.5,10916.68186,436907.5872,11383.73078,-467.0489162,2115.4882,3110.2075,4836.1238,802.3451,56238.36,84.6,9.30866111,-19,0
7/1/2006,0.011,9.10273082,4.53367876,"$18,213.85 ",80.7,101.5,11112.44847,435446.3983,11322.05924,-209.6107725,2422.7591,3069.7516,4601.9373,798.2484,56926.04,84.6,9.29693419,-20,0.02
8/1/2006,0.014,6.58064516,3.86100386,"$18,398.96 ",80.7,101.5,11802.75035,440154.2049,11528.3972,274.3531587,2459.5399,3026.1675,4765.8785,846.3982,57508.83,84.8,9.41253057,-20.9,0.01
9/1/2006,0.012,2.65822785,2.81329923,"$18,477.61 ",80.4,101.5,12025.57305,397032.2168,10534.15274,1491.420303,2160.8248,2810.6328,4322.0773,766.0477,59811.91,84.9,8.59407343,-17.9,-0.03
10/1/2006,0.017,3.26633166,2.92993631,"$19,356.17 ",80.8,101.5,11458.17867,405653.2935,10826.08202,632.0966437,2285.0329,2882.5079,4449.7346,782.5515,60517.04,84.9,8.86538255,-16.5,0.04
11/1/2006,0.012,4.08684547,3.59435173,"$19,770.01 ",80.7,101.4,11834.61243,408336.5824,10915.17194,919.4404869,1740.5724,3665.4582,4236.5419,808.6611,62611.04,84.9,8.8843597,-16.9,-0.01
12/1/2006,0.01,2.80612245,3.72750643,"$20,216.98 ",80.7,101.4,11144.78971,406004.5087,11062.79315,81.99656092,2090.738,3240.073,4418.0986,862.8591,65147.13,84.8,8.15116703,-17.6,-0.01
1/1/2007,0.016,2.14646465,3.07692308,"$21,390.99 ",80.4,101.4,10483.10851,353298.2189,9802.94725,680.1612563,1562.4242,2642.4775,4469.9592,775.6549,64883.52,84.8,6.99306733,-20.1,-0.03
2/1/2007,0.015,2.88944724,2.56081946,"$22,211.96 ",80.1,101.4,11158.79354,370689.4073,10259.87842,898.915121,1964.4072,2582.8877,4435.2643,858.863,66286.9,84.9,8.2328669,-21,-0.04
3/1/2007,0.016,2.73291925,2.02531646,"$23,059.88 ",80.6,101.4,12909.56971,394385.0245,11007.11762,1902.45209,1763.2158,2848.818,4950.3232,965.2841,68966.53,84.9,8.25601631,-21.5,0.07
4/1/2007,0.017,1.8115942,1.75219024,"$22,489.46 ",81.3,101.4,10849.84232,376928.4073,10784.78991,65.05241259,1944.9244,2859.0569,4590.2654,911.9862,69130.69,85.1,8.03346304,-22.4,0.1
5/1/2007,0.016,1.77514793,1.86335404,"$22,217.60 ",82,101.4,12753.69932,427780.554,12246.79513,506.9041876,2359.1194,3094.8469,5399.9303,956.2761,69253.61,85.2,8.02722314,-23.1,0.08
6/1/2007,0.014,1.77935943,1.86335404,"$22,561.41 ",82,101.3,12791.49143,415569.2875,11969.16151,822.3299211,2086.4601,3249.7212,5161.51,936.0539,71144.42,85.2,8.06885688,-23.2,0
7/1/2007,0.012,1.31108462,1.61090458,"$24,528.43 ",82,101.3,11974.89269,402815.0678,11598.47589,376.416801,2119.9858,2967.3518,5120.7314,918.7132,72078.84,85.4,8.23004569,-24.2,0
8/1/2007,0.012,0.36319613,0.9913259,"$23,441.18 ",81.5,101.3,14041.1798,442672.8292,13139.59125,901.5885522,2740.4233,3242.0748,5586.0171,1057.1637,72524.37,85.4,7.24881058,-24.3,-0.05
9/1/2007,0.012,3.08261406,1.99004975,"$23,250.76 ",82,101.3,13576.36592,390635.5441,11290.04463,2286.321296,1940.6251,3103.5568,4746.4787,985.583,78579.86,85.6,6.92591405,-24.2,0.06
10/1/2007,0.0141,4.37956204,2.35148515,"$25,320.93 ",82.7,101.2,14818.86586,447116.0403,13005.12043,1813.745434,2483.7165,3504.2345,5363.3758,1110.0119,80198.34,85.9,7.14473547,-24.5,0.09
11/1/2007,0.011,7.85276074,2.9739777,"$25,464.07 ",83.1,101.1,14925.65646,439285.2093,12814.62104,2111.035416,2597.2604,3235.8048,5330.9716,1203.8814,82393.55,86,5.66044136,-23.8,0.04
12/1/2007,0.0085,8.68486352,2.9739777,"$26,468.51 ",83.1,101.1,13581.49659,409010.8237,12040.35395,1541.142639,2316.9635,3386.6643,4871.1864,1077.9522,85110.12,86.1,6.25265237,-22.7,0.01
1/1/2008,0.0172,10.01236094,4.35323383,"$26,931.95 ",83.9,101.1,14268.97365,493804.7538,14613.93175,-344.958102,2710.4515,4373.3656,5888.9062,1203.5526,90182.44,86.1,5.83446134,-21.9,0.08
2/1/2008,0.0153,11.23321123,5.36828964,"$26,181.03 ",84.4,101,13234.69342,454565.08,13675.24308,-440.5496593,3294.3866,3188.062,5632.9858,1124.9345,97822.92,86.4,5.7252285,-20.5,0.07
3/1/2008,0.0152,11.12454655,5.33498759,"$25,989.03 ",84.9,101,15018.62272,475990.0324,14574.09775,444.5249766,2903.1955,3546.6638,6404.8191,1255.4628,107345.26,86.7,5.6555883,-19.3,0.06
4/1/2008,0.0146,12.69276394,6.1500615,"$25,826.45 ",86.3,101,14106.70267,484751.8707,15442.87578,-1336.173105,3657.5522,3552.7977,6469.757,1294.9029,107289.46,87.3,5.29779695,-20.1,0.18
5/1/2008,0.0147,15.46511628,7.68292683,"$25,449.05 ",88.3,101,15881.11525,447454.3652,14168.91593,1712.199313,2470.9418,3405.5165,6651.1137,1209.4968,106415.18,88.1,4.60570893,-21.2,0.21
6/1/2008,0.0116,18.64801865,8.65853659,"$24,567.64 ",89.1,100.9,16651.00024,518669.187,16112.74268,538.257556,3476.9855,3867.6529,6834.9524,1417.8396,103026.54,89,4.35879173,-22,0.12
7/1/2008,0.013,21.29411765,9.14634146,"$24,542.37 ",89.5,100.9,17369.63405,604866.0065,18077.28651,-707.6524538,4202.8649,4076.7091,7879.5873,1369.8904,102137.33,89.2,2.89515764,-21.1,0.03
8/1/2008,0.012,21.59227986,6.62576687,"$24,289.10 ",86.9,100.9,16269.17746,558418.9689,16669.22295,-400.0454917,3951.4826,3439.8126,7534.691,1265.4834,98868.45,88.2,4.34770298,-22.3,-0.3
9/1/2008,0.011,19.13875598,6.09756098,"$23,992.14 ",87,100.9,16295.76703,536449.2547,15736.26444,559.5025887,2756.7404,3545.3047,7557.624,1395.3044,99906.36,88.2,4.69521444,-23.2,0.02
10/1/2008,0.012,8.50815851,3.8694075,"$22,747.63 ",85.9,100.9,15267.02863,540757.613,15825.50813,-558.4795024,3119.3811,3706.7926,7226.766,1280.6435,100962.23,88.3,5.30119344,-24.2,-0.12
11/1/2008,0.014,1.82025028,2.16606498,"$22,348.91 ",84.9,100.9,11808.003,450478.5566,13072.506,-1264.502998,2302.9837,3558.6557,5667.4032,1108.2824,103759.92,88,7.30190694,-25.8,-0.12
12/1/2008,0.014,-1.59817352,0.48134777,"$22,365.76 ",83.5,100.9,11604.4841,396276.7973,11254.66621,349.8178883,2408.8569,3220.4446,4131.131,1050.7574,108317.11,87.8,9.16331586,-25.2,-0.16
1/1/2009,0.024,-2.47191011,-0.47675805,"$22,550.96 ",83.5,100.8,10489.09749,316238.1802,9118.747988,1370.349497,1262.3583,3086.4641,3419.3568,988.0716,107907.82,87.7,9.33864754,-24.8,0
2/1/2009,0.019,-3.95170143,-0.11848341,"$22,271.29 ",84.3,100.7,11696.36946,285961.2843,8158.66717,3537.702287,1450.0784,2674.103,2885.5105,888.5541,110414.12,88.2,9.44327825,-26,0.1
3/1/2009,0.019,-4.02611534,-0.23557126,"$22,004.62 ",84.7,100.7,11533.47519,334678.0144,9454.181199,2079.293996,1735.6735,2669.6958,3637.355,1089.0917,113408.91,88.2,8.94037369,-27.2,0.05
4/1/2009,0.021,-2.94736842,-0.92699884,"$22,058.68 ",85.5,100.7,10425.14928,349464.5006,9810.906811,614.2424698,1710.0124,2601.6027,4166.6359,998.5083,114054.83,88.4,8.95950898,-27.9,0.1
5/1/2009,0.017,-7.15005035,-3.39750849,"$22,555.36 ",85.3,100.7,11648.17192,330098.0498,9251.626958,2396.544959,1745.5838,2611.9622,3615.8681,1018.6367,118463.87,87.5,9.1669461,-28.5,-0.03
6/1/2009,0.014,-10.60903733,-3.92817059,"$22,899.54 ",85.6,100.7,12330.98976,394124.2077,11397.46118,933.528578,2335.4266,2927.2185,4664.6853,1134.8833,117886.18,87.8,9.01356241,-27.5,0.04
7/1/2009,0.012,-12.9970902,-4.3575419,"$23,464.29 ",85.6,100.7,12905.14252,416051.1311,12129.77058,775.3719393,2296.4095,3123.3416,5144.8001,1154.8532,120471.57,87.8,7.88788483,-26.6,0
8/1/2009,0.012,-10.41666667,-1.15074799,"$23,480.64 ",85.9,100.7,13280.88868,382636.8767,11201.31372,2079.57496,1939.299,3113.2384,4617.807,1138.338,123016.28,87.8,7.55072247,-25.5,0.04
9/1/2009,0.012,-7.32931727,-1.03448276,"$23,633.53 ",86.1,100.7,14904.45854,441644.1918,12924.9105,1979.548043,2814.8876,3254.1513,5040.123,1326.7686,127165.08,87.9,7.47102339,-24.4,0.02
10/1/2009,0.011,2.68528464,0.34924331,"$25,567.65 ",86.2,100.7,14811.3654,441210.8947,13049.7159,1761.649495,2521.3463,3461.3099,5332.6029,1211.6591,130540.39,88.1,6.92215511,-24.6,0.02
11/1/2009,0.01,7.93296089,1.88457008,"$25,665.97 ",86.5,100.7,13779.22953,428927.9541,12780.92831,998.3012211,2320.2154,3411.6271,5158.1415,1316.3314,134720.76,88.1,6.38084267,-23.5,0.03
12/1/2009,0.009,9.86078886,3.47305389,"$25,710.49 ",86.4,100.7,14622.19542,480946.511,14425.51023,196.6851878,2784.809,3464.9492,6275.1893,1272.0141,133599.17,88.1,6.76929872,-22.3,-0.01
1/1/2010,0.014,11.40552995,4.09580838,"$27,761.44 ",86.92,100.65,13487.06815,441271.2035,13207.75826,279.3098873,2015.3174,3373.8733,6058.7691,1214.3731,137625.54,88.39,5.55048622,-20.7,0.06
2/1/2010,0.01,11.77142857,3.67734282,"$27,682.07 ",87.4,100.64,14212.29346,462600.1948,13992.74637,219.5470947,2102.166,3291.2977,6667.0947,1290.1041,136965.06,88.41,4.71633286,-21.6,0.056
3/1/2010,0.01,12.58503401,3.42384888,"$28,219.50 ",87.6,100.64,16142.78516,515916.0668,15483.67547,659.1096843,2565.654,4114.8473,6738.2097,1438.4314,139259.34,88.5,6.09100859,-22.7,0.023
4/1/2010,0.012,8.45986985,2.97076023,"$27,396.75 ",88.04,100.63,13967.53324,472245.3918,14544.05272,-576.5194824,2988.7688,3776.437,5924.3615,1306.2139,142572.85,88.83,5.52412431,-25,0.05
5/1/2010,0.015,8.02603037,3.41148886,"$27,315.14 ",88.21,100.63,16445.76725,464153.3459,14343.42849,2102.338756,2859.4686,3786.3633,5701.118,1400.8771,138447.09,88.87,6.83234295,-24.5,0.02
6/1/2010,0.012,11.53846154,3.31775701,"$27,247.04 ",88.44,100.7,17943.90535,510526.4531,15703.67435,2240.230995,2835.8765,4259.9569,6268.9666,1605.8402,141611.27,88.93,7.03676451,-22.9,0.026
7/1/2010,0.009,11.14827202,3.46962617,"$27,424.95 ",88.57,100.7,15454.61624,536355.1443,16503.23521,-1048.618972,2434.1362,4034.1808,7915.6636,1389.8878,145879.44,88.97,8.83005136,-20.7,0.016
8/1/2010,0.009,10.63122924,3.36437718,"$27,919.72 ",88.79,100.7,16314.75342,512519.8128,15808.75425,505.9991727,2755.4819,4324.3958,6438.5932,1530.793,149337.13,88.97,8.51578865,-19.2,0.023
9/1/2010,0.009,9.20910076,3.04297329,"$28,772.63 ",88.72,100.7,17939.32956,475324.8258,14994.474,2944.855562,2253.8807,4170.8101,6228.9531,1567.5755,157128.49,89.03,9.92743771,-18.5,-0.007
10/1/2010,0.009,6.27615063,2.94663573,"$30,622.28 ",88.74,100.65,16972.04949,462422.3956,14979.66944,1992.380053,2429.2773,3977.0706,6414.9442,1453.6075,164774.13,89.15,11.23121965,-19.8,0.003
11/1/2010,0.01,5.90062112,2.80924855,"$30,675.08 ",88.93,100.64,17436.53853,519253.9974,17291.1754,145.3631365,3738.3121,4215.952,6918.2366,1624.0925,161659.61,89.19,11.12293726,-21,0.021
12/1/2010,0.007,6.75818374,3.09027778,"$30,454.14 ",89.07,100.51,16981.50211,484002.4394,16074.47491,907.0271996,3188.6674,3922.2762,6681.7463,1548.2668,165656.01,89.51,10.94428074,-19.2,0.016
1/1/2011,0.0098,5.99793175,3.03727566,"$32,304.83 ",89.56,100.49,16158.23263,533532.0985,17602.51067,-1444.278043,2354.7529,4579.4559,8277.9141,1648.7757,167721.84,89.71,11.48290472,-18.5,0.054
2/1/2011,0.007,7.36196319,2.88329519,"$32,147.18 ",89.92,100.49,18356.23829,525615.387,17098.74388,1257.494407,3447.6045,4332.3641,7094.9909,1462.9756,172914.99,89.88,13.79051431,-19.1,0.04
3/1/2011,0.0072,5.8408862,3.15068493,"$32,531.15 ",90.36,100.48,20878.32303,599220.4328,19467.85032,1410.472716,3283.3063,5536.9905,7915.9252,1854.3305,174409.72,90.17,13.16095783,-20.2,0.049
4/1/2011,0.0075,6.6,4.04361654,"$31,188.38 ",91.6,100.47,17256.50629,558036.2005,18344.38529,-1087.878997,4190.6207,4619.641,7255.6271,1653.9888,182191.04,90.91,15.23235003,-20.4,0.138
5/1/2011,0.0053,6.2248996,4.19453577,"$31,004.06 ",91.91,100.44,18998.68754,579051.1346,19186.58498,-187.89744,4152.8612,4277.2684,8416.1954,1730.1903,177887.11,91.43,14.17048181,-19.6,0.034
6/1/2011,0.0042,4.5320197,4.05924921,"$30,720.95 ",92.03,100.43,20237.81495,602889.3507,19805.82624,431.9887109,3405.4614,5215.8496,8670.4139,1768.4875,176618.76,91.62,16.20111057,-18.3,0.013
7/1/2011,0.0052,5.21564694,4.0984532,"$31,640.48 ",92.2,100.38,20456.95569,574342.2979,18720.41388,1736.541811,3912.7007,4774.8577,7617.473,1706.7927,178789.37,91.71,17.47168338,-15.9,0.018
8/1/2011,0.0068,6.00600601,4.29102376,"$31,824.77 ",92.6,100.38,21225.04582,684925.6834,22770.13575,-1545.089936,4890.0728,5947.7679,9094.6355,1970.3495,178061.42,92.02,17.37750137,-16.6,0.043
9/1/2011,0.0075,5.55555556,4.01262399,"$31,214.97 ",92.28,100.35,20746.35445,638400.3602,21272.92103,-526.5665844,3451.3588,4519.1176,10541.7565,1888.1856,169974.41,92.13,16.07281486,-18.2,-0.033
10/1/2011,0.0056,4.23228346,4.19202164,"$29,005.34 ",92.46,100.35,16894.2757,554132.8811,18085.2768,-1191.001098,3008.7697,4301.588,8306.2868,1622.3468,171322.64,92.21,16.0753522,-27.6,0.019
11/1/2011,0.0082,3.51906158,4.19431013,"$28,919.07 ",92.66,100.35,15415.293,522511.7374,16871.54464,-1456.251635,3509.6397,4095.9255,6734.7441,1763.3205,167465.92,92.25,15.87488828,-29,0.021
12/1/2011,0.0043,4.45103858,3.53654429,"$28,693.84 ",92.22,100.34,15955.43468,610070.5646,19553.54374,-3598.10906,4106.5121,4537.1661,8132.6813,1912.9573,165199.6,92.38,15.1214329,-26.9,-0.048
1/1/2012,0.0081,3.6097561,3.37204109,"$32,227.49 ",92.58,100.34,15736.35085,530078.1117,16863.85278,-1127.501932,2480.7719,4531.6815,7159.0895,1768.3641,167740.31,92.68,15.78448347,-25.8,0.039
2/1/2012,0.0066,1.9047619,3.33629893,"$33,089.76 ",92.92,100.31,19037.15111,587316.3582,18505.08878,532.0623254,3724.5801,5147.3904,6712.1969,1785.9008,169759.4,92.81,13.61056651,-24.5,0.037
3/1/2012,0.0073,1.80780209,3.4417884,"$33,069.72 ",93.47,100.31,19866.24372,770677.9494,24937.80577,-5071.562045,5524.9587,6477.3637,9762.4494,1794.614,168774.74,93.14,13.07416168,-23.4,0.059
4/1/2012,0.0097,0.75046904,2.46724891,"$32,332.16 ",93.86,100.31,16899.53246,619982.7838,20078.00794,-3178.475481,3952.0291,5649.2996,7708.1651,1581.602,168496.36,93.25,10.63393303,-22.4,0.042
5/1/2012,0.0092,1.1342155,2.52420846,"$31,894.38 ",94.23,100.3,20927.90781,711352.3482,22940.55979,-2012.651978,4446.3612,5965.8173,9431.6373,1813.3593,161837.34,93.59,10.21313172,-22.9,0.039
6/1/2012,0.0067,-0.37700283,2.56438118,"$31,561.26 ",94.39,100.29,19759.19866,643801.9273,20399.23597,-640.0373125,4499.8532,5557.674,7386.2437,1677.8201,164600.79,93.72,11.17863761,-21.4,0.016
7/1/2012,0.0056,0.76263108,2.72234273,"$32,175.41 ",94.71,100.29,19350.66749,668085.1788,21118.27822,-1767.610734,3899.1875,5969.9716,8114.2997,1711.5065,165219.57,93.76,10.54185006,-21.9,0.035
8/1/2012,0.0056,0.09442871,2.68898488,"$32,401.99 ",95.09,100.29,19695.98898,668413.8375,20996.72168,-1300.732704,4027.8445,6009.643,7796.0685,1719.5056,168676.5,93.92,10.78176398,-22.1,0.04
9/1/2012,0.0063,0.09398496,3.3810143,"$32,876.12 ",95.4,100.28,20645.77082,627499.9938,19870.10788,775.6629401,4180.8149,5641.2211,6938.3219,1730.1713,172650.03,94.18,12.72074256,-23,0.034
10/1/2012,0.0056,1.03871577,3.32035475,"$35,487.01 ",95.53,100.29,19521.71534,692860.1963,22364.90217,-2843.186833,4079.9766,6324.4382,8361.8339,1880.0254,170703.85,94.22,11.78566749,-22.2,0.013
11/1/2012,0.0039,0.56657224,2.73041226,"$35,466.08 ",95.19,100.23,19550.63799,624922.1676,20257.91268,-707.2746904,3254.1506,5948.2205,7443.9861,2014.3352,170930.91,94.29,11.73019584,-20.9,-0.035
12/1/2012,0.0048,0.9469697,3.62177402,"$35,557.60 ",95.56,100.24,18093.09384,641132.1895,20782.24277,-2689.148933,3788.8653,5740.571,7984.2093,1835.7213,171105.98,94.31,10.37341705,-19.8,0.039
1/1/2013,0.0083,0.56497175,3.3808598,"$36,478.85 ",95.71,100.19,18268.56862,743806.0952,24184.72633,-5916.157712,4462.8524,6179.1966,9795.742,2169.3281,171258.24,94.41,9.68775412,-18.3,0.016
2/1/2013,0.0062,0,3.22858373,"$36,760.91 ",95.92,100.19,17927.6558,595391.1073,19903.42673,-1975.770938,3493.9494,5029.0875,8289.115,1688.7014,169266.13,94.51,9.27335454,-16,0.021
3/1/2013,0.0069,-0.28037383,2.68535359,"$37,154.38 ",95.98,100.19,20582.71824,646195.7176,21535.47837,-952.7601277,4497.2573,5636.4779,8223.3568,1811.9212,167728.17,94.49,9.52497518,-15.2,0.007
4/1/2013,0.0089,-0.65176909,2.41849563,"$36,018.99 ",96.13,100.19,17400.27902,644543.1971,21884.75358,-4484.474559,4613.8827,5780.0688,8378.4759,1803.8335,168887.45,94.56,10.51854866,-16.3,0.016
5/1/2013,0.0077,0.8411215,2.27103895,"$35,166.38 ",96.37,100.18,19826.09305,644339.5298,22287.54215,-2461.449092,4782.0935,5852.6249,8465.3267,1943.8312,166237.18,94.6,11.79970986,-17.5,0.024
6/1/2013,0.0055,0.94607379,2.24600064,"$33,963.35 ",96.51,100.18,19097.80535,628039.742,20994.63273,-1896.827386,5251.8502,5286.6348,7427.5748,1766.0458,162542.87,94.69,10.22346884,-18.4,0.015
7/1/2013,0.0089,0.28382214,2.00612396,"$34,056.18 ",96.61,100.18,19058.3298,638887.8232,20586.70565,-1528.37585,3408.0931,5754.811,8256.3368,1872.5592,163496.42,94.69,9.17098339,-19.7,0.01
8/1/2013,0.0081,0.09433962,1.58796929,"$33,563.86 ",96.6,100.18,20457.99304,645478.934,20736.08048,-278.0874392,4724.1778,5570.2928,7414.3517,1826.4953,159651.85,94.74,8.7230753,-20.7,-0.001
9/1/2013,0.0067,0.657277,1.42557652,"$33,489.59 ",96.76,100.18,19295.90998,602381.9294,18975.64748,320.2624915,4084.9369,4944.4741,6986.7262,1812.239,163481.73,94.85,7.07833419,-22.1,0.016
10/1/2013,0.0062,-0.09345794,1.4550403,"$35,374.40 ",96.92,100.18,19392.77237,666150.7281,21164.10313,-1771.330761,4912.2578,5417.2712,7573.3397,2009.5595,163295.46,94.98,6.3336263,-23.4,0.017
11/1/2013,0.0072,0.28169014,1.92247085,"$34,883.12 ",97.02,100.18,18751.4314,603522.4396,19314.2014,-562.7699935,3784.0596,5443.9737,6904.2836,2062.0757,159016.27,95.18,6.29372194,-25,0.009
12/1/2013,0.0062,1.03189493,1.67434073,"$34,099.96 ",97.16,100.2,18438.98235,598895.8508,18848.85096,-409.8686102,4608.1725,4848.4126,6569.8755,1816.2159,159022.34,95.3,7.32882462,-26.6,0.014
1/1/2014,0.0094,1.21722846,1.93292237,"$33,632.75 ",97.56,100.2,17863.10729,667007.7179,20428.08808,-2564.980792,5120.7774,4999.956,7134.7037,2054.6401,158316.6,95.54,7.45486233,-28.5,0.042
2/1/2014,0.0086,1.12149533,1.95996664,"$33,950.64 ",97.8,100.2,18352.71433,547640.6607,16595.3224,1757.391929,3509.3929,4711.7846,5894.8436,1524.9305,159263.7,95.85,7.4154132,-30.1,0.023
3/1/2014,0.0088,1.4995314,2.10460513,"$34,219.21 ",98,100.2,19752.11969,602889.7969,18480.62695,1271.492741,4059.9176,4803.4953,6639.3951,1876.2318,158840.33,95.93,6.39078118,-31.2,0.022
4/1/2014,0.009,1.87441425,2.45500884,"$33,467.68 ",98.49,100.2,17193.53077,606588.3401,18702.87086,-1509.340087,4165.0475,4837.3159,6861.5529,1893.9245,160225.56,96.41,5.94617894,-32.2,0.05
5/1/2014,0.0094,1.20481928,2.61492166,"$33,233.59 ",98.89,100.2,19380.1915,648083.2923,20006.4609,-626.2694001,4941.4434,4984.5828,7303.2883,1853.2761,159104.99,96.56,4.38563503,-29.3,0.04
6/1/2014,0.0115,1.21836926,2.35208787,"$33,269.59 ",98.78,100.2,19707.7346,588976.9828,18049.39361,1658.340984,3680.7453,5069.0281,6523.5096,1785.9349,159308.35,96.61,4.34797895,-24.9,-0.01
7/1/2014,0.0097,1.13207547,2.16333713,"$33,843.82 ",98.7,100.19,18892.82381,651677.232,19998.25794,-1105.434134,3815.7608,6120.4938,7254.6193,1812.1933,160773.92,96.72,4.2308739,-21.8,-0.008
8/1/2014,0.0074,0.18850141,2.09109731,"$33,930.11 ",98.62,100.18,18935.87426,570992.8341,17797.08679,1138.787471,4170.7772,4390.3109,6657.5265,1696.1498,158866.06,96.8,4.06195976,-19.9,-0.008
9/1/2014,0.008,-1.11940299,1.7465895,"$33,727.46 ",98.45,100.18,19904.68144,695869.9206,21711.12938,-1806.447932,4342.2922,5811.1695,8512.4777,2015.2229,153346.45,96.78,4.02264905,-20.8,-0.017
10/1/2014,0.0075,-1.30963517,1.47544366,"$35,011.33 ",98.35,100.18,20205.17505,651946.5649,20132.2465,72.92854335,4195.0715,5214.8629,7523.9039,2142.6184,152559.66,96.83,4.42760091,-19.9,-0.01
11/1/2014,0.0055,-1.68539326,1.25747269,"$34,641.87 ",98.24,100.18,18541.91714,605434.5404,18645.8519,-103.9347598,3191.8821,4902.2925,7501.0307,2084.4279,150552.9,96.95,4.63123836,-20.6,-0.012
12/1/2014,0.0056,-3.62116992,0.59695348,"$34,536.75 ",97.74,100.18,18732.12414,566796.921,17201.25766,1530.866482,2890.9787,4927.8814,6251.2143,2137.8964,149064.25,97.05,4.64784957,-18.9,-0.05
1/1/2015,0.0106,-5.36540241,-0.399754,"$34,953.64 ",97.17,100.18,17244.72655,583266.697,17657.83968,-413.1131275,2721.1033,5083.8317,6823.6277,2042.048,146948.66,97.12,5.07417644,-19.6,-0.059
2/1/2015,0.0082,-4.89833641,-0.53169734,"$35,134.53 ",97.28,100.18,17218.8885,552064.9982,16839.31022,379.5782768,2236.4872,4897.4209,6642.9627,2007.0946,148842.94,97.19,5.56343177,-20.9,0.012
3/1/2015,0.0099,-4.98614958,-0.56122449,"$35,064.53 ",97.45,100.17,18870.34889,568389.9243,17363.42326,1506.925625,2714.7736,4367.7367,7315.6837,1949.5327,148499,97.07,6.22980631,-22.3,0.017
4/1/2015,0.0085,-5.42778289,-1.03563814,"$34,172.77 ",97.47,100.17,16892.57873,572283.5311,17423.3397,-530.7609676,3075.947,4975.1654,6533.5226,1889.9646,153240.41,97.19,6.17285348,-23.4,0.002
5/1/2015,0.0093,-4.76190476,-1.27414299,"$33,147.29 ",97.63,100.16,18425.51553,520570.4901,16000.17489,2425.340632,2501.9841,4574.3727,6241.3547,1804.746,150647.82,97.24,6.41268942,-24.4,0.017
6/1/2015,0.0083,-3.7037037,-1.06296821,"$32,952.05 ",97.73,100.16,18151.83668,605189.8164,18001.31521,150.521466,3421.0301,5203.4246,6462.6603,1876.4094,152471.76,97.27,6.12976823,-25.6,0.01
7/1/2015,0.01,-3.82462687,-1.05369807,"$33,150.90 ",97.66,100.16,18206.22475,590210.6833,17452.04421,754.1805376,2691.9912,4603.4625,7317.1182,1798.6526,149538.99,97.4,6.12494115,-26.6,-0.007
8/1/2015,0.0097,-3.76293509,-1.18637193,"$32,174.93 ",97.45,100.16,17667.97221,586459.4901,16947.93288,720.039332,2363.8196,4986.047,6587.5421,1827.2864,148227.53,97.43,5.5325425,-27.7,-0.023
9/1/2015,0.0078,-3.58490566,-1.06653123,"$31,623.12 ",97.4,100.16,18814.40684,573178.2884,16021.79987,2792.606963,2432.4321,4469.3084,6118.0329,1856.3855,148018.67,97.5,5.44100025,-27.9,-0.005
10/1/2015,0.0085,-3.12796209,-0.77275038,"$33,277.48 ",97.59,100.15,18566.26981,593171.2334,16465.27007,2100.999734,2016.77,5343.5761,5923.2061,1946.9309,150653.6,97.56,5.43502852,-26.6,0.02
11/1/2015,0.009,-3.04761905,-0.9771987,"$33,185.03 ",97.28,100.15,17162.75131,598483.5139,16867.62325,295.1280627,1970.7121,4818.7455,6739.0947,2153.717,148461.27,97.6,4.83394094,-25.4,-0.032
12/1/2015,0.0065,-2.69749518,-0.85942296,"$32,986.62 ",96.9,100.15,17088.05941,562809.7419,15612.91683,1475.142584,2147.1738,4535.4276,6083.1401,1870.8209,149290.91,97.57,4.43563649,-23.9,-0.039
1/1/2016,0.0091,-2.70812437,-0.53514459,"$33,199.32 ",96.65,100.15,15692.44562,561870.7399,15487.15097,205.2946498,1614.0611,5130.7748,5794.3304,1949.0252,152618.07,97.63,4.02061011,-24.5,-0.026
2/1/2016,0.0087,-3.0969031,-0.50370066,"$33,690.93 ",96.79,100.15,18981.84178,510320.2681,14007.70401,4974.137769,1500.7616,4265.5991,5257.7571,1897.5548,159822.34,97.85,3.70826335,-25.3,0.015
3/1/2016,0.0104,-2.7833002,-0.46177527,"$34,058.16 ",97,100.14,19170.1929,578497.248,16160.26951,3009.923388,1718.8691,4626.9873,6480.4147,2292.0392,166882.54,97.86,3.65536089,-26.5,0.021
4/1/2016,0.0104,-1.88679245,0.0615574,"$33,815.89 ",97.53,100.14,15609.27043,521215.3858,14828.48697,780.7834558,1763.6971,4310.619,5921.6586,1857.3041,170063.08,98.01,4.29024013,-27.3,0.055
5/1/2016,0.012,-1.66666667,0.4609239,"$33,486.69 ",98.08,100.14,17697.18324,564311.6584,16054.84248,1642.34076,2341.3923,4339.8555,6372.5108,1949.8082,167381.06,98.05,3.69034112,-27.4,0.056
6/1/2016,0.0101,-1.57480315,0.38882636,"$33,620.38 ",98.11,100.13,18152.04212,578428.0192,16146.20257,2005.839551,2134.4435,4464.0653,6423.3417,1941.2056,170050.57,98.15,4.29310116,-28.4,0.003
7/1/2016,0.0101,-0.69790628,0.11263567,"$34,514.95 ",97.77,100.13,17064.07962,568955.0391,16073.99252,990.0871042,2091.0004,4642.4389,6368.7474,1863.9794,171451.43,98.21,4.27155527,-27.5,-0.035
8/1/2016,0.0093,-0.30181087,0.28732683,"$34,841.88 ",97.73,100.13,18744.78245,585713.2509,16647.71567,2097.066779,1693.8497,4870.8386,6841.501,1949.927,172256.46,98.28,4.37535409,-26.8,-0.004
9/1/2016,0.0087,-0.30241935,0.3798768,"$34,840.78 ",97.77,100.13,19437.98485,585303.6236,16817.95811,2620.026737,2388.2991,4925.0615,6507.2158,1814.9709,171875.6,98.3,4.01252889,-25.8,0.004
10/1/2016,0.0119,-0.20140987,0.3381494,"$36,203.01 ",97.92,100.13,17756.87977,612072.6446,17504.94469,251.9350777,2177.0071,5130.9649,6981.1548,1978.3945,171891.59,98.34,4.56540079,-26.9,0.016
11/1/2016,0.0099,-0.20222447,0.60649671,"$35,916.13 ",97.87,100.11,18908.60142,608756.1166,17299.95813,1608.643291,2180.5634,4900.9545,6917.0906,2100.5613,166881.22,98.35,4.37929173,-27.7,-0.006
12/1/2016,0.008,1.32382892,1.124871,"$35,471.31 ",97.99,100.11,18172.2374,612742.7056,17168.80706,1003.430342,2408.1056,4655.2239,7046.573,1964.0321,164148.44,98.36,4.2217865,-26.3,0.013
1/1/2017,0.0118,3.71134021,1.55199172,"$36,040.31 ",98.15,100.11,17094.06461,586015.2921,16239.76844,854.2961763,2004.0769,4082.8519,7105.0344,2044.0788,171144.24,98.44,4.06467208,-25.5,0.016
2/1/2017,0.0112,4.53608247,1.44643042,"$36,483.11 ",98.19,100.1,18436.95745,594546.928,16756.86365,1680.093791,2164.7149,5260.5383,6371.9042,1938.3897,174804.23,98.47,3.87715206,-24.2,0.004
3/1/2017,0.0129,2.96523517,0.7628866,"$36,612.51 ",97.74,100.1,20895.56743,671744.9773,19091.52854,1804.038887,2807.4522,5168.6785,7813.9345,2215.7713,172664.18,98.51,3.3272482,-23.2,-0.046
4/1/2017,0.0125,1.6194332,0.37937045,"$36,317.39 ",97.9,100.1,16861.53108,582426.2498,16679.54184,181.9892341,2247.7766,4756.3634,6863.0128,1819.9985,176151.05,98.52,3.63544393,-23,0.016
5/1/2017,0.0132,-0.39880359,-0.04078303,"$36,309.17 ",98.04,100.1,19971.40059,650590.8057,18843.99482,1127.405764,2709.8206,5022.3104,7750.2068,2170.7407,175806.18,98.55,4.20088136,-24,0.015
6/1/2017,0.0107,-1.2,-0.0509632,"$36,809.33 ",98.06,100.1,20131.96385,630863.5542,18227.04526,1904.918597,2161.1128,4858.4043,7922.3488,2010.3167,177336.93,98.63,4.3704371,-25.1,0.002
7/1/2017,0.0124,-1.30522088,0.16364938,"$38,116.36 ",97.93,100.1,18863.05983,646798.3517,18944.52683,-81.46700587,2411.5258,5080.8319,8235.4382,1921.7923,182007.43,98.71,4.43575459,-26.1,-0.013
8/1/2017,0.0112,-0.60544904,0.31720045,"$38,646.02 ",98.04,100.09,21367.30355,642226.2665,19041.11273,2326.190821,2597.6541,5166.2907,7776.0811,2102.2533,188274.94,98.76,4.70785543,-25.5,0.011
9/1/2017,0.0117,0.3033367,0.85915925,"$38,772.56 ",98.61,100.1,21834.69487,614963.0036,18392.35202,3442.342849,2333.7125,5509.8322,7356.3295,2008.6168,190876.03,98.86,4.82200691,-25,0.058
10/1/2017,0.0129,-0.20181635,0.85784314,"$40,641.06 ",98.76,100.09,20015.83299,658785.2092,19811.83772,203.995266,3138.832,5444.1019,7718.9192,2150.0419,192151.87,98.96,4.24181088,-23.3,0.016
11/1/2017,0.0114,0.20263425,0.98089302,"$41,046.47 ",98.83,100.09,21440.86392,650968.1272,19548.82723,1892.036691,2553.5287,5425.7696,7920.5007,2418.8872,194675.32,99.03,4.57220767,-22,0.007
12/1/2017,0.0096,-0.8040201,0.77558935,"$41,391.29 ",98.75,100.09,19721.43928,657189.6467,19941.42635,-219.9870701,3024.7229,4995.574,8467.033,2270.1111,194048.43,99.05,5.012771,-20.8,-0.008
1/1/2018,0.0126,-1.3916501,0.68262863,"$42,391.70 ",98.82,100.09,20181.18028,664002.4384,20201.04955,-19.86927554,3007.5808,5504.9163,7970.5015,2442.2116,205895.47,99.08,5.08164918,-20,0.007
2/1/2018,0.0128,-2.26824458,0.4175578,"$42,903.25 ",98.6,100.06,20456.11432,623891.5889,19484.49523,971.6190834,2670.909,5510.1347,7761.4076,2187.3335,204114.16,99.1,4.97565153,-20.7,-0.023
3/1/2018,0.0116,-1.48957299,0.78780438,"$43,223.89 ",98.51,100.05,22649.76062,664671.5163,21042.29903,1607.461598,3287.2938,5273.2581,9013.4192,2251.0652,206948.38,99.15,6.16318342,-20.1,-0.009
4/1/2018,0.0106,-0.59760956,1.07252298,"$42,581.04 ",98.95,100.05,19082.49359,632818.5264,20160.32618,-1077.832588,3733.3749,5042.325,7956.7812,2194.408,206556.43,99.16,5.47316158,-19.1,0.045
5/1/2018,0.0104,0.8008008,1.48918809,"$41,707.81 ",99.5,100.04,22406.32162,659339.4229,20979.09607,1427.225552,3281.5825,5513.6863,8495.1792,2385.6869,204071.33,99.36,5.32489091,-19.9,0.056
6/1/2018,0.011,1.92307692,1.38690598,"$41,036.88 ",99.42,100.03,21878.99084,649119.1243,20094.14109,1784.849748,3334.8828,5235.2737,8000.2228,2250.373,198431.57,99.46,5.12058476,-18.7,-0.009
7/1/2018,0.0098,2.3397762,1.47043807,"$40,732.48 ",99.37,100.03,20333.78775,681465.0584,20747.78228,-413.9945299,3799.3648,5082.7596,8472.817,2045.8513,197296.15,99.5,4.97728724,-17.8,-0.005
8/1/2018,0.0104,1.92893401,1.62178703,"$41,047.23 ",99.63,100.03,22827.25294,780889.8758,23264.65793,-437.4049961,3475.7227,5487.5362,10700.2825,2305.4171,196441.29,99.51,4.55698412,-16.8,0.026
9/1/2018,0.0097,1.61290323,1.32846567,"$41,594.81 ",99.92,100.03,20769.42174,664092.4335,20055.94448,713.4772634,3406.957,5193.0907,8151.3965,2097.9516,196416.62,99.69,4.81310887,-17.7,0.029
10/1/2018,0.0101,2.12335693,1.23531794,"$43,295.38 ",99.98,100.03,21744.13787,716493.736,21909.51539,-165.3775124,3668.4189,5522.7889,8758.7146,2560.258,193609.43,99.73,5.25029029,-18.7,0.006
11/1/2018,0.0095,1.21334681,0.94100981,"$43,052.42 ",99.76,100.03,21225.3127,727619.5248,22162.84578,-937.5330842,4248.6741,5717.7673,8158.356,2649.9796,194938.38,99.72,4.73686203,-19.5,-0.022
12/1/2018,0.0091,0,0.35443038,"$43,369.25 ",99.1,100.03,19402.20723,599635.6499,18098.87537,1303.331861,3187.0218,4859.7943,6689.3866,2199.9015,197030.47,99.73,4.66754764,-20.6,-0.065
1/1/2019,0.0102,-0.70564516,0.26310463,"$44,275.34 ",99.08,100.03,18990.60002,755505.5416,22991.01795,-4000.41793,3085.0654,5334.6507,8599.5587,2547.6384,201137.47,99.77,4.34817386,-19.3,-0.002
2/1/2019,0.0078,-0.30272452,0.73022312,"$44,911.76 ",99.32,100.02,21612.20849,558041.3374,17496.14635,4116.062138,3101.6243,4332.9806,6747.3218,2030.8926,203816.26,99.75,4.76210479,-18,0.024
3/1/2019,0.009,0.50403226,1.23845295,"$44,334.36 ",99.73,100.01,21507.61828,608759.9899,19411.55618,2096.062099,3282.8084,5140.8043,7388.642,2357.0369,203577.48,99.77,3.7827431,-19.4,0.041
4/1/2019,0.0096,0.80160321,1.23294593,"$43,479.56 ",100.17,100.01,18554.26227,633820.0021,19901.03182,-1346.769556,3138.5731,5116.68,8105.9527,2331.2937,201941.1,99.82,4.13386996,-20.8,0.044
5/1/2019,0.0111,0.19860973,1.14572864,"$43,549.71 ",100.64,100.01,21005.4405,662742.0427,20709.26507,296.1754307,3867.4158,5166.4059,8097.0506,2340.9685,201298.51,99.96,3.79358079,-22.3,0.048
6/1/2019,0.0094,-0.69513406,0.8650171,"$44,523.46 ",100.28,100,21403.3676,580052.6539,18102.20746,3301.160146,2590.9406,4646.1258,7602.6537,2081.5451,206621.54,100.02,3.30919828,-23.6,-0.036
7/1/2019,0.0114,-0.89463221,0.97614974,"$45,208.73 ",100.34,100,21233.71768,658395.8411,21022.92104,210.7966367,3260.531,5677.5387,8278.2367,2425.309,209181.28,99.96,3.71325137,-25,0.006
8/1/2019,0.01,-1.4940239,0.52193115,"$45,290.20 ",100.15,100,21954.7542,612905.5371,19750.5039,2204.250306,3327.763,5054.1071,7745.0464,2286.1531,210467.77,100.07,4.52767616,-26.4,-0.019
9/1/2019,0.0102,-1.68650794,0.3202562,"$45,566.02 ",100.24,100,20408.5438,593058.8522,19128.15405,1280.38975,2657.1891,5128.2205,7719.6775,2328.9897,211076.37,100.18,4.70747975,-27.8,0.01
10/1/2019,0.0095,-2.37623762,0.110022,"$47,641.38 ",100.09,99.99,20770.32189,620986.0433,20226.76779,543.5541006,2594.1521,5697.3842,7947.1402,2541.1955,213097.02,100.21,4.38414831,-29.3,-0.016
11/1/2019,0.0112,-1.7982018,0.20048115,"$47,804.59 ",99.96,99.98,19648.96816,580844.5884,19069.21873,579.7494359,2175.3844,5209.5046,7659.6059,2730.2556,211591.31,100.24,4.34407414,-30.9,-0.013
12/1/2019,0.0096,-0.10131712,0.87790111,"$47,875.51 ",99.97,99.98,19178.99828,560536.5485,18451.0839,727.9143824,3092.86,4872.4432,6715.6353,2526.2427,214573.24,100.27,3.63689699,-31.7,0.001
1/1/2020,0.0107,0.91370558,1.0597497,"$45,295.62 ",100.13,99.98,19673.35758,638351.9413,21011.6205,-1338.26292,3500.558,5648.4165,7741.8132,2791.8673,220203.95,100.29,3.77931055,-32.7,0.016
2/1/2020,0.0109,0.4048583,0.73499799,"$44,062.68 ",100.05,99.97,20789.88486,506926.8396,16575.87876,4214.006101,2552.6037,3946.771,6379.1955,1892.969,219384.97,100.39,3.26020058,-35.2,-0.008
3/1/2020,0.0103,-1.70511535,-0.54146195,"$43,002.93 ",99.19,99.97,22362.29125,646156.7643,20591.35641,1770.934838,3339.1947,4859.4106,8281.8191,2242.0786,216474.49,100.36,7.73945646,-49.7,-0.086
7/1/2020,0.0215,-2.40722166,-0.97667929,"$36,198.71 ",99.36,99.96,18834.09825,480766.7435,15394.78256,3439.31569,1947.0274,4253.473,6296.2577,2189.0882,238090.8,100.41,11.42127908,-49.9,-0.203
8/1/2020,0.0186,-1.01112235,-0.49925112,"$36,799.23 ",99.65,99.96,20174.92848,499495.5949,15678.1723,4496.75618,2014.6076,4511.879,6146.8173,2110.3303,242261.76,100.41,10.59493249,-49,0.001
9/1/2020,0.0179,-1.31180626,-0.69832402,"$37,907.85 ",99.54,99.96,19670.87576,542310.2116,17210.02344,2460.852327,2378.4249,4783.3162,6746.5705,2055.2072,239161.61,100.45,9.77860526,-49.8,0.156
10/1/2020,0.0209,-0.60851927,-0.4995504,"$40,972.06 ",99.59,99.96,19376.85425,538976.5504,17163.87437,2212.979874,2007.9106,4768.9693,7296.5078,2001.7973,236564.7,100.43,9.33937822,-49.1,0.066
11/1/2020,0.02,-0.508647,-0.41016407,"$41,258.61 ",99.55,99.96,18959.81423,589346.2986,18783.7063,176.1079295,1866.433,5081.1768,8110.9842,2520.2747,242016.9,100.44,10.03921597,-47.6,0.029
12/1/2020,0.0149,-0.50709939,-0.27008102,"$41,030.05 ",99.7,99.96,20075.57553,577197.3547,18958.13081,1117.444718,2398.0661,5305.4794,7465.5776,2580.7153,246033.56,100.5,10.15991547,-49.9,-0.011
1/1/2021,0.0151,-0.60362173,-0.33955857,"$43,924.84 ",99.79,98.98,19767.34125,596690.1497,19736.71214,30.62911667,2304.5985,5015.0938,8518.1335,2711.4881,244992.73,100.54,9.76704299,-52.2,0.005
1/2/2021,0.0176,0.10080645,-1.16941529,"$45,049.23 ",98.88,98.9,20204.47684,603434.6862,19993.06499,211.4118477,2596.2478,4771.4114,9054.6582,2285.7185,242633.81,100.44,9.94996206,-50.6,-0.004
1/3/2021,0.0196,2.55102041,-0.08065329,"$45,628.36 ",99.11,98.31,24146.25169,699492.4582,23225.98876,920.2629345,2759.4317,5671.4002,10718.4018,2733.3223,234430.08,100.49,5.72045872,-51.5,0.015
1/4/2021,0.0201,4.98442368,3.40640115,"$44,930.79 ",100.48,98.7,21404.09806,650359.6538,20934.43592,469.6621386,2896.3673,5200.8017,9039.5796,2580.2562,236456.11,100.66,4.26786695,-54,0.009
1/5/2021,0.0176,5.83333333,2.43877341,"$44,900.56 ",99.55,98.75,23091.64089,693477.1287,22057.09042,1034.55047,3340.6114,5252.0541,9711.4226,2427.6523,234108.9,100.52,3.5033852,-55.3,-0.091
1/6/2021,0.0189,5.47520661,1.24620061,"$43,767.06 ",99.93,98.75,23740.89241,712522.6264,22560.32126,1180.571145,2895.3307,5479.5375,10415.0027,2454.3371,229963.43,100.55,2.93807168,-56.9,0.023
1/7/2021,0.019,5.03597122,0.45289855,"$41,683.22 ",99.81,98.75,22648.6393,698810.0591,22032.17948,616.4598162,3187.6031,5528.887,9554.0795,2560.6609,231103.26,100.59,3.16789469,-59.1,0.138
1/8/2021,0.02,4.90296221,-0.02007025,"$41,750.66 ",99.63,98.7,21975.45888,757869.901,22968.2602,-992.8013212,3447.2024,5581.9156,10184.2228,2499.2297,230726.67,100.51,3.91783244,-60.4,-0.093
1/9/2021,0.0225,5.31697342,1.6777175,"$41,525.99 ",101.21,98.57,23109.18029,745762.5136,22291.5114,817.6688911,3287.8176,5550.1799,9755.4262,2512.3139,223889.94,100.72,4.81943413,-58.6,0.038
1/10/2021,0.019,6.93877551,2.379757,"$40,083.89 ",101.96,98.57,22776.03448,763606.3011,22841.67408,-65.63960339,3842.9481,5972.8084,9245.5733,2688.6421,225115.34,100.72,5.35385584,-56.1,-0.012
1/11/2021,0.017,8.48670757,2.71220492,"$39,567.76 ",102.25,98.46,23723.04907,752031.373,22401.42067,1321.628391,2973.4507,5641.2737,9617.0684,2974.0355,222153.91,100.82,4.58297253,-55.1,-0.018
1/12/2021,0.0164,7.74719674,2.1664995,"$39,558.56 ",101.86,98.45,25419.0214,851527.7484,25839.49835,-420.4769498,5681.04,5544.6675,10470.906,2930.0438,224803.9,100.89,4.80510892,-53.8,0.159
1/1/2022,0.019,8.70445344,3.22677623,"$42,871.01 ",103.01,99.88,21229.4589,781589.8267,23159.79539,-1930.336483,2843.6513,5910.5508,10206.6861,2993.7119,221753.43,101.22,5.12432853,-55.2,0.074
2/1/2022,0.014,9.36555891,5.27912621,"$43,314.08 ",104.1,99.87,23497.87514,772306.2656,23230.26032,267.614813,4573.895,5251.9656,9621.2776,2463.581,223157.26,102.76,5.42848825,-56.7,0.028
3/1/2022,0.012,11.44278607,5.73100595,"$42,708.78 ",104.79,99.87,28879.71444,868325.8696,26813.00837,2066.706068,5976.9946,5995.1539,10418.1473,2946.7676,220381.05,103.06,6.27458873,-58,-0.038
4/1/2022,0.013,12.75964392,4.64769108,"$43,024.42 ",105.15,99.88,23537.97064,841976.0292,25005.82187,-1467.851224,5349.8106,5762.5228,10101.754,2610.7799,206993.69,103.25,5.99761082,-59.3,0.113
5/1/2022,0.016,13.28740157,7.10195881,"$43,780.97 ",106.62,99.87,25525.85638,917405.1528,27044.62759,-1518.771213,5263.2109,5499.25,12164.8297,2829.234,208847.97,103.47,5.81427786,-59.8,0.106
6/1/2022,0.014,13.80999021,7.65535875,"$42,996.72 ",107.58,99.87,26521.67162,954795.5142,27600.03221,-1078.360587,6025.6743,5955.7563,11627.463,2616.6069,201438.46,103.78,6.2816333,-58.4,0.066
7/1/2022,0.013,12.23091977,7.61446749,"$41,568.92 ",107.41,99.87,23613.30673,962779.3631,27116.26794,-3502.961211,5538.2228,5474.1846,12437.0888,2441.1539,199537.02,104.43,5.3932872,-57.6,0.034
8/1/2022,0.0122,10.71080818,7.85907859,"$40,805.76 ",107.46,99.87,23672.35278,1010793.272,27417.88608,-3745.533295,5724.6564,5844.6759,11570.5512,2767.0697,195059.87,104.55,5.14890658,-56.3,0.14
9/1/2022,0.0115,10.48543689,6.41240984,"$40,215.38 ",107.7,99.88,24953.09091,919426.4156,25486.80833,-533.7174148,5644.2946,5227.0749,10370.718,2845.3396,179991.29,104.72,4.52295391,-55.4,0.09
10/1/2022,0.014,9.92366412,5.98273833,"$39,728.47 ",108.06,99.87,21827.17167,824631.6296,22147.39375,-320.2220847,3912.9888,4989.6786,9205.2587,2676.6432,182671.6,104.77,4.17228001,-53.9,-0.016
11/1/2022,0.0115,7.16305372,5.54523227,"$40,366.33 ",107.92,99.87,22388.1137,901520.3496,23503.71774,-1115.604038,4329.9535,5640.1371,9453.9189,2652.2834,190216.03,104.94,4.70947744,-52.1,0.005
12/1/2022,0.0096,4.91958373,5.89043786,"$39,022.46 ",107.86,99.89,21778.32654,814092.2063,22504.21439,-725.8878484,4677.7702,5069.0332,8684.5094,2710.0908,195582.18,105.02,3.87577443,-50.3,0.022
1/1/2023,0.0122,2.42085661,5.0189302,"$39,891.45 ",108.18,99.89,20593.16836,866678.8103,24763.38375,-4170.21539,5065.2594,5445.3418,9548.9841,3170.7543,203581.28,105.11,3.64549359,-48.3,0.033
2/1/2023,0.0088,1.56537753,3.79442843,"$41,531.94 ",108.05,99.89,22567.05878,767044.4339,23205.86781,-638.8090374,5007.4252,5271.6398,8616.4386,2523.463,196416.79,105.26,3.49650618,-47.4,-0.013
3/1/2023,0.0103,-1.69642857,2.83423991,"$43,498.63 ",107.76,99.89,28004.21135,853469.0184,24730.77734,3273.434017,3562.7991,5943.7997,10573.6336,2989.4707,202246.24,105.31,2.73365187,-46.2,-0.006
4/1/2023,0.0103,-3.42105263,2.6723728,"$45,368.67 ",107.96,99.94,21794.04065,790665.4897,22999.83971,-1205.799056,4699.9921,5214.1435,9022.2449,2555.8101,201019.52,105.38,2.28441704,-45,0.03
5/1/2023,0.0128,-5.03909644,0.53460889,"$44,183.97 ",107.19,99.94,24458.97318,897774.1348,25993.6573,-1534.684118,4444.2244,6469.1977,10713.5521,2736.7853,198658.93,105.44,1.8463801,-44.3,-0.012
6/1/2023,0.0089,-6.62650602,0.2323852,"$43,685.77 ",107.83,100,25395.17921,848853.3468,24527.52084,867.6583661,4712.8019,5856.1309,9931.5682,2548.159,196419.44,105.45,1.72967148,-43.3,-0.027
7/1/2023,0.0115,-5.14385353,0.38171492,"$42,192.14 ",107.82,100,22143.22855,842842.7378,24120.98625,-1977.757693,4155.4345,5790.9664,9404.3368,2609.0592,198546.38,105.49,1.6111705,-44.4,0.019
8/1/2023,0.0098,-3.07827617,0.88404988,"$42,233.34 ",108.41,100,24279.59296,822476.3965,23919.69721,359.8957531,3717.2228,5802.4767,9903.0507,2816.5877,195002.72,105.52,1.33191803,-43.1,-0.071
9/1/2023,0.0085,-1.75746924,0.29712163,"$41,372.13 ",108.02,100,25476.26295,825310.0735,23383.5321,2092.730854,4780.5044,5475.6778,8759.901,2724.5692,190628.62,105.48,1.8643837,-41.3,0.06
10/1/2023,0.0085,-2.34375,-0.31464001,"$42,832.86 ",107.72,100,23578.83186,881124.222,24411.119,-832.2871316,4064.9445,6054.0182,9526.167,2948.8411,188810.21,105.59,1.77197721,-39.8,-0.001
11/1/2023,0.008,-2.11081794,-0.43550778,"$42,268.79 ",107.45,100.06,23479.71089,944873.3981,25879.14323,-2399.432346,4891.8315,6988.473,9472.3791,2905.7642,196449.15,105.66,1.51662571,-39.1,0.055
12/1/2023,0.0079,-0.81154193,-0.83441498,"$41,251.92 ",106.96,100.05,22791.54965,770821.5577,21818.75085,972.7988016,4574.1278,5117.6454,8173.3611,2513.3178,201556.71,105.72,1.95048121,-38,-0.036
1/1/2024,0.0108,0.27272727,-1.10926234,"$42,359.53 ",106.98,100.04,22649.87688,890687.3531,25407.77542,-2757.898535,4268.3681,6001.2849,10543.5201,3168.0569,198996.37,105.76,2.36656648,-37.1,-0.028
2/1/2024,0.0098,1.17860381,-0.76816289,"$43,615.29 ",107.22,100.04,23384.86464,856508.112,23938.84995,-553.9853111,3860.8433,6620.383,9172.6038,2826.6295,199760.52,105.78,2.57411311,-36.2,-0.025
3/1/2024,0.0098,2.08900999,-0.47327394,"$44,131.48 ",107.25,100.04,24960.55224,944827.8933,26123.8161,-1163.263859,4926.7806,6622.0032,10369.4655,2784.8106,199906.28,105.76,2.50576987,-37,-0.046
4/1/2024,0.011,3.36058129,0.1852538,"$43,672.84 ",108.16,100.04,23278.58864,903193.9897,24920.30221,-1641.713573,3850.0679,6141.9228,10804.6297,2760.0713,197210.31,105.81,2.62306018,-37.9,0.002
5/1/2024,0.0121,3.93412626,1.5393227,"$42,909.48 ",108.84,100.03,26219.48432,947006.5137,25563.33469,656.1496205,4510.3426,5984.344,10966.7828,2794.4437,200198.52,105.92,3.10340353,-39.5,0.022
